Latitude,Longitude,voyage_id
10.505583396923626,107.0262386071297,1
2.816562650591576,105.11019156695826,1
2.3435306816158166,104.8940087343092,1
2.0890416955626567,104.88421715256536,1
1.4821027000728786,104.53586443950547,1
1.2786496422253775,104.22064699286534,1
1.257072236467926,104.06297974263894,1
1.1432772416714794,103.75393160936467,1
1.2630600516696633,103.5447362016655,1
1.3355814441749105,103.5550626734118,1
10.501658715349404,107.02751946334693,1
9.222753071841778,106.70687535992448,1
7.93973287408319,106.38879588221886,1
6.658728512703137,106.06900872890986,1
5.38104761087713,105.7493668550663,1
4.096912241571904,105.43375355857395,1
2.8178836150770894,105.11300326511353,1
2.7365790751968966,105.07576636242288,1
2.6581044450620306,105.03995055004866,1
2.5811395812303495,105.00400902686795,1
2.4989159506154928,104.96640251192423,1
2.420327169402627,104.92879827959106,1
2.3418549798471133,104.89618034478504,1
2.2999323049593987,104.89159089738331,1
2.2546697924943215,104.89066213553909,1
2.2140144788906273,104.88855131829214,1
2.1737541722443448,104.88743688296724,1
2.132020740209615,104.88845730365864,1
2.091448748987293,104.88399318610266,1
1.987396844348083,104.82709993502347,1
1.8876413500462232,104.7702676160143,1
1.7864264819985218,104.70976992873419,1
1.685197371721302,104.65221316159295,1
1.5832014215606827,104.59356432690323,1
1.4831514062994675,104.53433383407886,1
1.4484876712378718,104.48121020477542,1
1.4155665096252008,104.42994720807964,1
1.382506186264144,104.37976614263577,1
1.3477203857424462,104.32502372320648,1
1.3152727825808581,104.27439718333459,1
1.276976262473267,104.22134750569518,1
1.2777477632473386,104.19377515852858,1
1.271974531585631,104.16782463988515,1
1.2695402851470754,104.14102526761201,1
1.2664434275766958,104.11420713980742,1
1.2605294960604547,104.09123063732116,1
1.256410965087745,104.06223715993042,1
1.2406088972194893,104.010861958955,1
1.2165350045136307,103.9604156279013,1
1.201220044077901,103.90828504399663,1
1.1818535670693249,103.8569687187017,1
1.162839202749259,103.80504832808734,1
1.1420853355183311,103.75552136767789,1
1.1633410248822227,103.7225425322736,1
1.1832131356090725,103.68501400042469,1
1.2027756280212072,103.65134962295903,1
1.2246808890339347,103.61790178219873,1
1.2428431029429272,103.58098463912894,1
1.2657401982024858,103.54617279532785,1
1.2744575521122963,103.54705297550045,1
1.2870299859346783,103.54878977124456,1
1.2981918816612914,103.54967865425226,1
1.3144262702112202,103.55054592696774,1
1.3248076107755704,103.55437173622894,1
1.3342172461690156,103.55430572981354,1
10.501876065676697,107.02639194786941,2
2.8176626558570965,105.11196929158955,2
2.3417337875717337,104.89561040786509,2
2.089591656003522,104.88446682765183,2
1.4828732181816031,104.5345586680784,2
1.2781390325668618,104.2218101520022,2
1.2592473174222065,104.06215756385201,2
1.143740561793755,103.75617332303673,2
1.2650881512367862,103.54798149452678,2
1.3359277403707197,103.55508574692978,2
10.502522162564397,107.02751696221928,2
9.222491421022905,106.70642505878675,2
7.94165052396238,106.38774811815577,2
6.6582940964978246,106.07052573017475,2
5.377265305789263,105.74967688503997,2
4.096834210968147,105.43103454119061,2
2.818023618238897,105.11164378124218,2
2.7390059938393065,105.07443045212001,2
2.6597826716785202,105.03976819967761,2
2.581886891483188,105.00342021766062,2
2.49725096331607,104.96664438378502,2
2.4230910942105366,104.92763072503811,2
2.342625627876104,104.89686447095659,2
2.3006730215990365,104.89180036519949,2
2.2558815954650298,104.89085629999843,2
2.215164667284996,104.88824474975046,2
2.1734200710488762,104.88844100718057,2
2.1315663861013747,104.88567195990598,2
2.088804017404409,104.88317883404129,2
1.9883586163899751,104.82381202170976,2
1.8888029004514424,104.76861950929029,2
1.7860990367732736,104.70931258512718,2
1.6842789607360882,104.65068542048094,2
1.5851419526207202,104.5922333608683,2
1.4817273618570728,104.53361543663812,2
1.4484580319863272,104.48227128437475,2
1.414794293342995,104.43091901628273,2
1.3815085327903571,104.37955639935895,2
1.3489636230409299,104.32615025242832,2
1.3156908912857703,104.27412506234516,2
1.2803223326417243,104.22174408185269,2
1.2760249723950496,104.19569948371895,2
1.272733458945195,104.16785784279637,2
1.268973871644174,104.1431986153713,2
1.2659629570685058,104.11555588457084,2
1.2607241290642077,104.08827419793124,2
1.2566446549695733,104.06427532751894,2
1.238644123003188,104.01301275743124,2
1.2168154431739615,103.96100032816739,2
1.2000760888007096,103.9078022733684,2
1.181072442045784,103.85873429216231,2
1.1620386256424855,103.8057435280627,2
1.1411810903477264,103.75462940072886,2
1.1629278149004727,103.72112233230946,2
1.181719323812597,103.6864763201026,2
1.2025194273130233,103.65007024985306,2
1.2235521550128585,103.61680720840265,2
1.245337880454819,103.581658576579,2
1.2612224312813636,103.54581346840479,2
1.2758987827840385,103.54822601029919,2
1.287427401508034,103.55057257601167,2
1.2994962148907647,103.54957914902319,2
1.3123093885129444,103.55120825870439,2
1.3239940123578602,103.55276941600223,2
1.3342202033908293,103.55403112887394,2
10.503935464485277,107.02814747054386,3
2.816513702269712,105.11221459251111,3
2.3417380982752025,104.8951079294689,3
2.09057917793011,104.88435502937236,3
1.4819183593669716,104.53515329981525,3
1.278374198322177,104.22182437740551,3
1.2586089155246023,104.06237527678478,3
1.1431683838292572,103.7539564433944,3
1.2636014269578466,103.5439634389983,3
1.337394477747903,103.55253299133557,3
10.503255912259158,107.02633572607763,3
9.221310984601185,106.70931331263161,3
7.94058178851938,106.38651929714739,3
6.6594907213207915,106.07146901899604,3
5.3798766619802905,105.75132129613047,3
4.096144443775474,105.4329898669215,3
2.8184305400188157,105.11127160271778,3
2.739163902304573,105.07485934200247,3
2.6592331656608064,105.03848295485307,3
2.579914490194799,105.00259791130487,3
2.4999656352069404,104.96740736907242,3
2.42115993701745,104.93125260458439,3
2.341612410825305,104.89359117907023,3
2.298699550778751,104.89048692818668,3
2.256258712744208,104.8907177238145,3
2.2155270921939594,104.8894503233603,3
2.1749988253387027,104.88911501234985,3
2.131689170829713,104.88621588620252,3
2.09070784679876,104.88343494981619,3
1.9880922554863865,104.82616083912448,3
1.8874103888510316,104.7680307046342,3
1.787242209057249,104.70967944722548,3
1.684528464182034,104.65013898531281,3
1.5835656346346876,104.59276484139755,3
1.4829321511910778,104.53331152191376,3
1.448646710020662,104.48154077613034,3
1.4169364353731542,104.43075105232768,3
1.3819783888913872,104.37890036700092,3
1.3490211351508967,104.3263878269594,3
1.3121964057035178,104.27278993016321,3
1.2802452907554458,104.22119673083714,3
1.2740455866322908,104.19473121949888,3
1.2724860507267999,104.16927956662167,3
1.2701300923968954,104.14261676777168,3
1.2668218897227395,104.1145994946389,3
1.2611428690594544,104.08749511568266,3
1.2584594215040594,104.06102924378139,3
1.2386215447351197,104.01411510084293,3
1.2190266248350266,103.96089721068418,3
1.1989032569571163,103.90831697857011,3
1.1812332550829276,103.85794722524827,3
1.1617470364547744,103.80472794143647,3
1.1433287816687234,103.75563313773115,3
1.1654183745793751,103.71862928391842,3
1.1822086632629636,103.68421088617708,3
1.2030117636217388,103.65220599902092,3
1.2245106268367176,103.61707632932313,3
1.244482450026588,103.57924948870763,3
1.2640140821528045,103.5436951939032,3
1.2748562941044963,103.54708389892045,3
1.2877351947276217,103.54803235108544,3
1.3004516808438138,103.55022722165425,3
1.311643724660633,103.55289306260252,3
1.3234952554466743,103.55388098045906,3
1.3359691191108891,103.55441397426333,3
10.50251010241514,107.02583482910994,4
2.8165877831231194,105.11144221941187,4
2.342271669016406,104.89538328241879,4
2.089293059115992,104.88237313754345,4
1.4833399521479507,104.53650102441524,4
1.2802300178741413,104.21995093131044,4
1.2605023288418968,104.0613668335686,4
1.1423793330617706,103.75391138336474,4
1.2625957143394322,103.54731123128983,4
1.3373858523663862,103.5551140448338,4
10.504632424808653,107.0255863220681,4
9.221848982436335,106.71014339744123,4
7.94112356826005,106.38709055544814,4
6.657908114118809,106.07079073107926,4
5.37870592223225,105.75051082783952,4
4.098070209328906,105.43030248066911,4
2.8166624515024066,105.11091374340141,4
2.7376152519311585,105.07378747977609,4
2.6588379014440218,105.04049519185291,4
2.5804209596215935,105.0048120993719,4
2.49968957597016,104.96713889788948,4
2.420530448164436,104.92954279000105,4
2.3415399241100343,104.89482620968656,4
2.3002605328459107,104.89138142214779,4
2.257380196092855,104.89170430817235,4
2.214910202659081,104.88876649766678,4
2.171301914719134,104.88757514263143,4
2.1343236150999236,104.88511426747925,4
2.0900399964091205,104.8843511944862,4
1.98763700190618,104.82479814654756,4
1.8867244599115498,104.76724695042843,4
1.7848242439767816,104.70969458665732,4
1.685028135580749,104.64995912080104,4
1.5831558113294553,104.59286686568633,4
1.4835683356824965,104.5356907097143,4
1.4481664591434427,104.48182847414581,4
1.4161833250831306,104.43259371715745,4
1.3826749535460479,104.37836492071997,4
1.346623370233654,104.32388336441795,4
1.3149980798399963,104.27333772486901,4
1.2786898117659424,104.22183437541143,4
1.2760531357692526,104.19480187651078,4
1.2740404387879798,104.16859690802504,4
1.2691036731352514,104.14248649753524,4
1.2647286834830735,104.1172337653176,4
1.261566413663791,104.08807370854379,4
1.2566922079961347,104.06206200884878,4
1.2376355240634187,104.01148084450259,4
1.2185100958559798,103.95907441239288,4
1.2019934700501635,103.9090072188197,4
1.180429359738059,103.86078182979637,4
1.162081182503518,103.80542520847118,4
1.1428447991957549,103.75483231164885,4
1.1631698887978281,103.7202027051067,4
1.1817679323839254,103.68719296849589,4
1.2028273716066018,103.64821134832395,4
1.2229918824717723,103.61748464663268,4
1.242498035390435,103.57980338132228,4
1.262744376373101,103.5453709471291,4
1.2748880214904423,103.54967515097972,4
1.2893962371758367,103.55022591998413,4
1.3003785315928893,103.54845715594593,4
1.31108007991814,103.5511948094775,4
1.3230887165507699,103.5543942701181,4
1.337390426594812,103.55444721748526,4
10.504669149296527,107.02889587158701,5
2.8173713722879605,105.11016402597646,5
2.3414352458245804,104.89523666369077,5
2.088522877095634,104.883332522427,5
1.4838210837982404,104.53563916241608,5
1.2793064725599528,104.22104657881897,5
1.2594703591010188,104.06293460120712,5
1.1410395187858666,103.7553295854735,5
1.2636139092078016,103.54371058560832,5
1.3344860972172912,103.55454814428529,5
10.502564960668254,107.02699093805883,5
9.221470050798224,106.70631963071236,5
7.941040042032522,106.3869839237402,5
6.660063013855762,106.06853140233196,5
5.379560064438084,105.75015080211061,5
4.0999722723512795,105.43135371793177,5
2.8155083696673873,105.11210100473917,5
2.735932006126983,105.07605569622693,5
2.6597193521469973,105.03987825709777,5
2.5783324585777874,105.00406544139176,5
2.500950240423866,104.96715448850887,5
2.4204121162724537,104.93132731506513,5
2.3434786739754947,104.89675364359682,5
2.2984210944116006,104.89159083656796,5
2.254635533147655,104.89195053734795,5
2.216674407055483,104.89146971211868,5
2.1744859978476128,104.88631306652732,5
2.1323762850398618,104.88427522663984,5
2.088838531920213,104.8847000429879,5
1.9879612188129054,104.82569141079586,5
1.8885459802679039,104.76771148102014,5
1.7871043121146237,104.70823243851319,5
1.6855525346290623,104.65333373680207,5
1.5823163856422855,104.59377137633777,5
1.4833146109082662,104.53240906348229,5
1.4513143296775075,104.48303553125027,5
1.4146799256222817,104.43200527931972,5
1.3831243151600685,104.37808110884629,5
1.3493853070227924,104.32517298031173,5
1.3155280181187095,104.27199170232414,5
1.2782122795888753,104.22256211301031,5
1.276449057133885,104.19626348493995,5
1.2713266635838476,104.16920380372906,5
1.2668392975587808,104.14368525315302,5
1.2645290562357194,104.11451964224327,5
1.2593770243961093,104.08988207982617,5
1.2589539888764356,104.0616540682444,5
1.2391114111031334,104.01055447644626,5
1.220393082870792,103.9601132596016,5
1.2024763754667176,103.90834726796436,5
1.1802485634982678,103.8577366068485,5
1.1628282660613722,103.80422244422397,5
1.142462891815638,103.7530344015441,5
1.1627636106109274,103.71837609021064,5
1.1826000161004815,103.68440114026129,5
1.2017937381802242,103.6495013008893,5
1.223556650282707,103.6174403860177,5
1.2422051897880038,103.58166442428569,5
1.2644678774085925,103.54654046632064,5
1.2732267864195226,103.54841834962411,5
1.2874179383886435,103.54802571884498,5
1.2982110356358332,103.54841046759296,5
1.312041175738773,103.55240692982677,5
1.3227136219031308,103.55459797848553,5
1.3364433322722409,103.55472809354731,5
10.504071193338076,107.02690007923547,6
2.8171223679570283,105.11120122159068,6
2.3440133579704274,104.89346555957317,6
2.0893346794231045,104.88286046134988,6
1.4826031720007662,104.53398275604923,6
1.281673300241786,104.22138738151611,6
1.2595534451385175,104.06236055864599,6
1.1417312411805431,103.75448807228187,6
1.2619104843052202,103.54532683098873,6
1.3370061584096975,103.55427270453237,6
10.501494387932446,107.02797214660723,6
9.222119496892624,106.7089326325248,6
7.9418021529595,106.38821286317027,6
6.659589642669575,106.06922980475356,6
5.379429005017955,105.75018789503405,6
4.098741992033869,105.42984249258333,6
2.816079465802067,105.11112248534377,6
2.7382603816835145,105.07492531462623,6
2.657816811588207,105.0397428393689,6
2.5786686393175033,105.00427154675589,6
2.4994545371812653,104.96491642031124,6
2.421411575139009,104.92798842239188,6
2.3400429038552413,104.89468840286145,6
2.2981604688869646,104.89237502563336,6
2.2554100418208463,104.89096450515781,6
2.2139229959775126,104.88773254266769,6
2.174412615744958,104.88744252403899,6
2.1305059219463005,104.88518034298745,6
2.089132770921404,104.88366055115013,6
1.9894075254858257,104.82546952761581,6
1.8874387951949185,104.76898089640694,6
1.7870367876644417,104.70841264863716,6
1.6844855578059874,104.6500593870491,6
1.584890790217317,104.59385144915304,6
1.4820314436324549,104.53547356814087,6
1.44958923825331,104.48081202613436,6
1.41529868952202,104.43068532262235,6
1.3803405482064548,104.37798674295334,6
1.347192014406369,104.32557185637403,6
1.3143634214414919,104.27306654507801,6
1.280017273597791,104.22190771509793,6
1.2740363517793012,104.19659925885675,6
1.272590845663246,104.17055400796343,6
1.2697334964613824,104.14190114667832,6
1.2644072700842999,104.11708447021086,6
1.2625312652955183,104.0887796982678,6
1.2584979914776053,104.06043451921396,6
1.2403591517829475,104.01112693671134,6
1.2189387368617193,103.96113697079257,6
1.1993270789745927,103.9085633569384,6
1.181126086928539,103.8567437330617,6
1.1607513034924521,103.80405277866154,6
1.1427668234548087,103.75555957455755,6
1.1637226848575828,103.71916119057263,6
1.1851814067593716,103.6866357080796,6
1.202761033094957,103.65017769108073,6
1.2229444048171128,103.61576194389569,6
1.244360959572769,103.58053736735002,6
1.261866253699019,103.54767371073945,6
1.2749806905095735,103.54941343166702,6
1.2870991388390094,103.5492021579605,6
1.301130777698411,103.5477899342827,6
1.3142110547109773,103.54982549411328,6
1.3229136310420793,103.55598372108908,6
1.3359531537329303,103.55544520521566,6
10.50330166917248,107.02863880888835,7
2.8179031134666315,105.11424955127633,7
2.341946502288619,104.89449546603201,7
2.0890986555616466,104.8826213464611,7
1.4836681045781397,104.53552697489596,7
1.2792831386204957,104.22305693678958,7
1.258698220296675,104.06201670766764,7
1.1439172452145856,103.75333197709601,7
1.2639007751640428,103.54648443055486,7
1.3365956142648021,103.55449917360512,7
10.503365441492582,107.02693773809565,7
9.223439035487441,106.70719972724204,7
7.940532503129222,106.38837107904293,7
6.662366686474008,106.06936639335271,7
5.379198214959136,105.75057921237524,7
4.098629864798269,105.43093148932675,7
2.81508838130342,105.11075982731002,7
2.7375520373986206,105.07701019112069,7
2.6598468830234023,105.03892835916814,7
2.5791069596834952,105.00385794055087,7
2.499159503076954,104.96577711804213,7
2.422847288434986,104.92851773583892,7
2.3418613653722664,104.8961010872469,7
2.2991745719568453,104.8912357189856,7
2.2566262149171696,104.89117290555957,7
2.2138895026201757,104.8892517143206,7
2.1742566692103913,104.88726175373759,7
2.1315726741643886,104.88737206448535,7
2.0893500657909545,104.88219343854628,7
1.9887940949726588,104.8276246221751,7
1.8883671613034145,104.76725041594742,7
1.7871582075775783,104.7083782557336,7
1.683467732672509,104.64995503870053,7
1.5859979456348212,104.59355607147998,7
1.483442304270071,104.53531390665741,7
1.4490431095106113,104.48467860809755,7
1.4152744020241685,104.43189159617259,7
1.3834646255526861,104.37769243163807,7
1.3493028812952967,104.32596111526219,7
1.3117995951241452,104.27417130335355,7
1.2806017366593396,104.22270181132447,7
1.275584163346952,104.19547018687744,7
1.2734601329402975,104.16998463621069,7
1.2683161133683014,104.14109412544134,7
1.2637601273059056,104.1139046905327,7
1.262000252562678,104.0879038340899,7
1.2589596920227137,104.06313458190495,7
1.2389493631164972,104.01217920517223,7
1.2184810214304924,103.96021868940383,7
1.2000952111004861,103.90873653917406,7
1.1787722941699357,103.857656037796,7
1.1617865059880108,103.80542567570971,7
1.1429455370579875,103.75547484717166,7
1.1645466917696048,103.71981026891203,7
1.1829224508838299,103.68601087618896,7
1.2020276171126523,103.65095904548299,7
1.2223768515995928,103.61672639025025,7
1.2449998621766034,103.58027953201403,7
1.2637655664090008,103.5455251148999,7
1.2748250480342915,103.54756893718508,7
1.2871788096189611,103.54939062292705,7
1.3000501227588817,103.55045843137839,7
1.3125190486369167,103.55207839969141,7
1.3245119177648481,103.55163895937676,7
1.3376420370982096,103.55607024480462,7
10.50363508919696,107.02763169595302,8
2.8159739391132113,105.11201142543493,8
2.3423615406763907,104.89486330454142,8
2.090844319647801,104.88464557519217,8
1.4827725099202982,104.53462517637892,8
1.280432302517146,104.22069799265665,8
1.2560147879137453,104.06283945312036,8
1.1419271195593201,103.75561341322002,8
1.2625024405725296,103.54681040073865,8
1.3342013909968622,103.55463298738186,8
10.501887871909519,107.02645570404515,8
9.222045811107106,106.70874400567979,8
7.941300428425002,106.38758276840362,8
6.659648840519031,106.07192388459708,8
5.3806532936530544,105.75113937895205,8
4.099560154598928,105.42967300723477,8
2.81702616789839,105.11250835365558,8
2.738384748720736,105.07255987299541,8
2.659326820244805,105.04051100424782,8
2.5798726724793597,105.00408131474157,8
2.499134369680173,104.96652671332807,8
2.4207956915859383,104.93092179384833,8
2.343312793522142,104.89402121982786,8
2.3006512230896963,104.89293192540514,8
2.2554152548340585,104.89045724320307,8
2.2159468857358147,104.88877266183346,8
2.1741677454995205,104.88851224295867,8
2.131334481106369,104.88771051589917,8
2.090670680143776,104.88444338124764,8
1.9882767259131355,104.82488976677074,8
1.8871570516090828,104.76849085438138,8
1.7864531433980557,104.70883645551999,8
1.6822943230657226,104.64894816513454,8
1.5847761017309574,104.59311407277096,8
1.4848615625558803,104.5342585849937,8
1.4473450166630908,104.48110294502297,8
1.4163239652799513,104.42964521892743,8
1.3825751695487856,104.37849469150314,8
1.3487486991428603,104.32623156008452,8
1.3136634975282577,104.27319179448764,8
1.2812852941547848,104.2227843465553,8
1.2759115113564354,104.1949315419333,8
1.2728708365396038,104.16861781211004,8
1.2683456535346114,104.14220482125937,8
1.2649325549357313,104.11534561847556,8
1.2596863742046673,104.0880642532447,8
1.2572035978962957,104.0619815082568,8
1.2391251006593351,104.01054822952541,8
1.2195506402777965,103.9615476477077,8
1.2006681098474115,103.90822254149603,8
1.181291183274383,103.85696752749334,8
1.160562353794282,103.80578279691927,8
1.142472549470745,103.7549907933681,8
1.1614921945078154,103.72184837999286,8
1.184173229135535,103.68513068002997,8
1.2023724824424482,103.65046449964179,8
1.2226860452934207,103.61765705788473,8
1.2435002600925111,103.5804284707955,8
1.2628145735319096,103.54708498401254,8
1.2744852227508168,103.54722101154277,8
1.2876103570877369,103.54860256298792,8
1.3004486051709947,103.54865269047455,8
1.311553812225619,103.55183320373301,8
1.324579508367939,103.55381081821074,8
1.334844059820847,103.55555875383878,8
10.50180005749421,107.02687849720733,9
2.81750442220143,105.11292423180195,9
2.341749457109921,104.89476332015649,9
2.089856025358202,104.88429362932607,9
1.4838818442054589,104.53389986647119,9
1.2794612832802115,104.22090871729154,9
1.2586055267471656,104.0617516904125,9
1.143954294721331,103.75331039891074,9
1.2625717220138222,103.54674276041627,9
1.3354835336091608,103.55467424173739,9
10.503507545900206,107.02807936333977,9
9.222173376980003,106.70836932387175,9
7.940275747541,106.38848756467208,9
6.658738279956201,106.0702070480129,9
5.378732766882419,105.7515980033543,9
4.099154977616959,105.4293519062561,9
2.8167949955439266,105.11074622744655,9
2.7379107312805457,105.07505961492508,9
2.6604456306035034,105.04036778647766,9
2.57898274681652,105.00296813802792,9
2.4988705908472353,104.96776208440748,9
2.4207186929568523,104.9293955431646,9
2.340018511499631,104.89486286010283,9
2.299958809089544,104.89277406242307,9
2.255145561873352,104.89088601489804,9
2.2152718426973697,104.88945037609629,9
2.172946698403317,104.88833113459452,9
2.131262957989516,104.88631762774878,9
2.0908012987949736,104.88406096836898,9
1.988462850611029,104.82422585127254,9
1.886936579418001,104.76785730482366,9
1.7857168394952139,104.70922590683593,9
1.6834219753750366,104.651089022081,9
1.5838287986082646,104.59280172857588,9
1.4834881496782604,104.53637467211347,9
1.4499731724161111,104.48326604692706,9
1.4160519059622654,104.43239684444238,9
1.3824231378834486,104.37973740087507,9
1.3470580008738222,104.32749990990447,9
1.3154373159403094,104.27316106291272,9
1.2815256998978184,104.2216924192908,9
1.2753436015561352,104.19427445052254,9
1.2714989633747362,104.16957551413373,9
1.2695547501917492,104.14209324032709,9
1.2650076043401275,104.11487232643988,9
1.26170726728685,104.09052034167351,9
1.2584161609205746,104.0628967939282,9
1.2390928988543857,104.01120947361503,9
1.2187114380944841,103.959886798057,9
1.2004921109908355,103.90831235463591,9
1.1803002774258893,103.85634792122332,9
1.1610338750326101,103.80589986198422,9
1.141584399524034,103.75578648055618,9
1.164117582243829,103.72043691310903,9
1.185099995044456,103.68592748584686,9
1.202088269861144,103.65171406471455,9
1.2231845481995978,103.61588098549072,9
1.243816727728134,103.58043839683697,9
1.2633261295256626,103.54708386824232,9
1.2763831467345148,103.54826782298652,9
1.2885887279862693,103.54875032137494,9
1.3019332698667607,103.550556601924,9
1.3118359004598072,103.55162201558316,9
1.3235832185151168,103.55328740108402,9
1.3374099752624171,103.55360508663735,9
10.503599077282972,107.02757388148103,10
2.815660397854722,105.11113707194173,10
2.341553724515136,104.89346262229759,10
2.0903194982516493,104.88262071923666,10
1.484151162420109,104.53475843454805,10
1.2804263801294007,104.22277706932756,10
1.257355536646181,104.06282271822747,10
1.1418328769994281,103.75468254396559,10
1.263891838312623,103.5435621150606,10
1.33732229669204,103.55577715378742,10
10.502953955563546,107.0274902406567,10
9.222374244095008,106.70797079678069,10
7.940591002527786,106.39003152734875,10
6.6592944043625275,106.07042605885079,10
5.381087024498234,105.75166497330356,10
4.099589779473027,105.42982059553044,10
2.8187332397946823,105.1110271344453,10
2.7374272992311433,105.07617048233068,10
2.6590750852959757,105.03803163870452,10
2.578155117363816,105.0035814887106,10
2.4984359946391486,104.9678652416106,10
2.421149203383104,104.92833788222755,10
2.342945745474738,104.89484717163323,10
2.3001713118926403,104.8899342275466,10
2.25658453988068,104.88973761319072,10
2.215716127838506,104.88985886550644,10
2.1725477294713236,104.88775294903954,10
2.1336271197677736,104.88736666043283,10
2.0904516098215162,104.88621387731742,10
1.9891966546580382,104.8252420345677,10
1.888297282500701,104.76960703472,10
1.7879603404804263,104.70822648364644,10
1.6840391570665996,104.65074253781829,10
1.5855291428582556,104.59314624250504,10
1.482661277778502,104.53538873148133,10
1.4480852298511455,104.48225493332203,10
1.4160401478511875,104.43127127789059,10
1.3817942701531272,104.37763839129948,10
1.3491337174382723,104.32492257798867,10
1.3146242412287275,104.27353587511189,10
1.2794022326773524,104.22343003229614,10
1.2757550148297248,104.19609871420386,10
1.2724828738667142,104.16746850705474,10
1.267533503974944,104.14306274510723,10
1.263721684809128,104.11545409559415,10
1.2606758038112877,104.08986809536391,10
1.2574158755351925,104.0621757057952,10
1.2391800796935557,104.01256872304506,10
1.2192020416132339,103.96077713386907,10
1.2006276422814854,103.90758251980165,10
1.1805383804175056,103.85778168097818,10
1.160075874888441,103.80465661372604,10
1.142798150187489,103.7557264868444,10
1.1620786428705556,103.72032861495191,10
1.1829706295685563,103.68533314905783,10
1.202608268820183,103.6500975198218,10
1.2223864594504146,103.61539840957275,10
1.2431703391442268,103.58108059649183,10
1.2637216297315266,103.54431182235228,10
1.2755659918970295,103.54866095684511,10
1.286346982232877,103.54910247712908,10
1.2997740777007576,103.54970957916312,10
1.312282187283674,103.55195711627181,10
1.323819542974621,103.55521559871879,10
1.3350895648273746,103.55527423101138,10
